{
  "hash": "522f1128",
  "configHash": "9baeeda3",
  "lockfileHash": "3fb66a49",
  "browserHash": "e12ace4c",
  "optimized": {
    "@angular/core": {
      "src": "../../../../../node_modules/@angular/core/fesm2022/core.mjs",
      "file": "@angular_core.js",
      "fileHash": "566451d3",
      "needsInterop": false
    },
    "@angular/platform-browser": {
      "src": "../../../../../node_modules/@angular/platform-browser/fesm2022/platform-browser.mjs",
      "file": "@angular_platform-browser.js",
      "fileHash": "d4196f85",
      "needsInterop": false
    },
    "@angular/router": {
      "src": "../../../../../node_modules/@angular/router/fesm2022/router.mjs",
      "file": "@angular_router.js",
      "fileHash": "7153deeb",
      "needsInterop": false
    },
    "rxjs": {
      "src": "../../../../../node_modules/rxjs/dist/esm5/index.js",
      "file": "rxjs.js",
      "fileHash": "eb25b973",
      "needsInterop": false
    },
    "@swimlane/ngx-charts": {
      "src": "../../../../../node_modules/@swimlane/ngx-charts/fesm2020/swimlane-ngx-charts.mjs",
      "file": "@swimlane_ngx-charts.js",
      "fileHash": "490df894",
      "needsInterop": false
    },
    "@angular/platform-browser/animations": {
      "src": "../../../../../node_modules/@angular/platform-browser/fesm2022/animations.mjs",
      "file": "@angular_platform-browser_animations.js",
      "fileHash": "06614df2",
      "needsInterop": false
    },
    "@angular/common": {
      "src": "../../../../../node_modules/@angular/common/fesm2022/common.mjs",
      "file": "@angular_common.js",
      "fileHash": "38b1a531",
      "needsInterop": false
    },
    "@angular/forms": {
      "src": "../../../../../node_modules/@angular/forms/fesm2022/forms.mjs",
      "file": "@angular_forms.js",
      "fileHash": "31aaaba4",
      "needsInterop": false
    }
  },
  "chunks": {
    "chunk-JPAQ5CJK": {
      "file": "chunk-JPAQ5CJK.js"
    },
    "chunk-YEER23KL": {
      "file": "chunk-YEER23KL.js"
    },
    "chunk-IUMIOVUF": {
      "file": "chunk-IUMIOVUF.js"
    },
    "chunk-7BCWNX5Q": {
      "file": "chunk-7BCWNX5Q.js"
    },
    "chunk-FVOSESO6": {
      "file": "chunk-FVOSESO6.js"
    }
  }
}